5J1Z	A90D at cryogenic temperature
5J22	L103D at cryogenic temperature
5JAV	Y91D at cryogenic temperature
5I6W	A58D at cryogenic temperature
4HMJ	L36D at cryogenic temperature
5DEH	N100D at cryogenic temperature
5IIF	T62D at cryogenic temperature
4KY6	L25D at pH 6 and cryogenic temperature
4KY5	V23D at pH 7 and cryogenic temperature
3SK5	V39D at cryogenic temperature
4KY7	V74D at cryogenic temperature
2OEO	I92D
3P75	V104D at cryogenic temperature
1TQO	I92E
4YIJ	A109E at cryogenic temperature
5I6Y	A90E at cryogenic temperature
5EGT	V66E at cryogenic temperature
4J1M	R105E at cryogenic temperature
1TR5	I92E
4OL7	V66E/A109E at cryogenic temperature
3D4D	Y91E at cryogenic temperature
4IZ8	H8E at cryogenic temperature
5E1F	G20E at cryogenic temperature
3ERO	I72E at cryogenic temperature
3EVQ	L25E at cryogenic temperature
4IAL	H121E at cryogenic temperature
3H6M	V104E at cryogenic temperature
3TP7	V99E at cryogenic temperature
4IUN	R126E at cryogenic temperature
5KIX	I92E at cryogenic temperature
3TP8	L36E at cryogenic temperature
4PNY	I72H at cryogenic temperature
4ZUI	V23H at cryogenic temperature
5C4H	I92H at cryogenic temperature
4ZUJ	Y91H at cryogenic temperature
5C4Z	L25H at cryogenic temperature
5I9P	T62H at cryogenic temperature
5C3W	V66H at cryogenic temperature
4LAA	L36H at cryogenic temperature
1TT2	I92K
4HMI	V99K at cryogenic temperature
3C1E	L125K at cryogenic temperature
2RBM	I72K at cryogenic temperature
3C1F	V104K at cryogenic temperature
5E3F	I92K at cryogenic temperature
3E5S	L103K at cryogenic temperature
3EJI	L36K at cryogenic temperature
3ERQ	L25K at cryogenic temperature
3ITP	F34K at cryogenic temperature
3RUZ	V74K at cryogenic temperature
3D4W	A109R at cryogenic temperature
3D8G	I72R at cryogenic temperature
3DHQ	A90R at cryogenic temperature
3HEJ	T62R at cryogenic temperature
3OWF	V66R at cryogenic temperature
4QF4	V23M at cryogenic temperature
4NDX	I92N at cryogenic temperature
4KTA	R105Q at cryogenic temperatures
4J6H	H121Q at cryogenic temperature
4K2L	I92Q at cryogenic temperature
4KV6	R126Q at cryogenic temperature
4PMB	I92S at cryogenic temperature
4KHV	V23S at cryogenic temperature
4K5V	V23T/L36A/V99T at cryogenic temperature
4KD3	L25A/V66A/I92A at cryogenic temperature
4KJN	V23T/V66A/V99T at cryogenic temperature
4KJO	L36A/V66T/V99T at cryogenic temperature
4ME5	V23S/V66A at cryogenic temperature
4MIU	V23T/V99T at cryogenic temperature
4N9P	V23T/L25A/V99T at cryogenic temperature
4N9T	V66A/I92S at cryogenic temperature
4NKL	V66A/I92Q at cryogenic temperature
4NMZ	V23Q/V66A at cryogenic temperature
4NP5	V66A/I92N at cryogenic temperature
4PMC	I72K V74K at cryogenic temperature
4RKB	V66T/V99T at cryogenic temperature
4RKL	V23T/V66T at cryogenic temperature
4S3S	I92K/V23A at cryogenic temperature
4TRD	I72K/V74K at pH 9
4WRD	V66E L125E at cryogenic temperature
5C5L	62E / L125E at cryogenic temperature
5C5M	T62D / V104E at cryogenic temperature
5C6A	L25E / N100E at cryogenic temperature
5CC4	T62E/V66E at cryogenic temperature
5CGK	V66D/N100E at cryogenic temperature
5CR3	V104E/L125E at cryogenic temperature
5CV4	V23D/V66H at cryogenic temperature
5CV5	K64G/V66K/E67G at cryogenic temperature
5CV6	V66H/I92E at cryogenic temperature
5CV7	V66H/I92D at cryogenic temperature
5CV8	V23D/T62H at cryogenic temperature
5CV9	L36E/V66H at cryogenic temperature
5DAU	V39E/V104E at cryogenic temperature
5I9O	L36K L103K at cryogenic temperature
5IGB	L36D/V66H at cryogenic temperature
5IGC	V23E/V66H at cryogenic temperature
5IGD	T62H/I92E at cryogenic temperature
5IGE	T62H/V99D at cryogenic temperature
5IGF	T62H/V66D at cryogenic temperature
5IGG	V66H/I72E at cryogenic temperature
5IOC	V66H/V99D at cryogenic temperature
5IOD	V66H/V99E at cryogenic temperature
5ISR	L38E at cryogenic temperature
5JOB	L25K/I92A at cryogenic temperature
5K5P	I72K L103K at cryogenic temperature
5KEE	L25K/I92F at cryogenic temperature
5KGU	N118D at cryogenic temperature
5KRU	T62E/V66K at cryogenic temperature
3P1H	V23K/I92A at cryogenic temperature
3QB3	I92KL25A at cryogenic temperature
3TP6	L36E/L103K at cryogenic temperature
3SHL	V74KL25A at cryogenic temperature
3SK4	D21N/V23E at cryogenic temperature
3V2T	I92A/V66A at cryogenic temperature
3VA5	I92A/V23A at cryogenic temperature
4DF7	V23L/V99I at cryogenic temperature
4DFA	I92A/L36A at cryogenic temperature
4DGZ	I92A/L125A at cryogenic temperature
4DU9	I92A/V74A at cryogenic temperature
4EQN	V23E/I72K at cryogenic temperature
4F7X	I92A/L25A at cryogenic temperature
4F8M	V23I/I92V at cryogenic temperature
4K2K	L25A/L36A/I92A at cryogenic temperature
3LX0	D21N at cryogenic temperature
3BDC	at cryogenic temperature
3MHB	L38A at cryogenic temperature
5HGT	L25K/I92T at cryogenic temperature
5HUR	L25T/I92K at cryogenic temperature
3MEH	I92A at cryogenic temperature
2OF1	I92W
5EKK	V39D/L125E at cryogenic temperature
5EKL	T62D/N100E at cryogenic temperature
5F2D	I92N/V99T at cryogenic temperature
4ZQ3	I92T at cryogenic temperature
3MVV	F34A at cryogenic temperature
3MXP	T62A at cryogenic temperature
3MZ5	L103A at cryogenic temperature
3NK9	V74A at cryogenic temperature
3NP8	L36A at cryogenic temperature
3NQT	V66A at cryogenic temperature
3NXW	L125A at cryogenic temperature
3OSO	L25A at cryogenic temperature
3PMF	V23A at cryogenic temperature
3R3O	T62A at cryogenic temperature and with high redundancy
3S9W	M98G bound to Ca2+ and thymidine-5',3'-diphosphate at cryogenic temperature
3SK8	M98G apo protein at cryogenic temperature
3SR1	A69G bound to Ca2+ and thymidine-5',3'-diphosphate at cryogenic temperature
3SXH	I92AL103A at cryogenic temperature
3T13	A69G at cryogenic temperature
4EQO	V99D at cryogenic temperature
4EQP	I72D at cryogenic temperature
5C3X	I72D/N100E at cryogenic temperature